{"cameraMode":{"drawMode":0,"name":"Shaded","section":"Shading Mode"},"sceneLighting":true,"audioPlay":false,"sceneViewState":{"m_AlwaysRefresh":false,"showFog":true,"showSkybox":true,"showFlares":true,"showImageEffects":true,"showParticleSystems":true,"showVisualEffectGraphs":true,"m_FxEnabled":true},"in2DMode":false,"pivot":{"x":45.068477630615237,"y":2.840265989303589,"z":38.78105545043945},"rotation":{"x":0.03642076998949051,"y":0.6086731553077698,"z":-0.027926882728934289,"w":0.792140781879425},"size":1.5724647045135499,"orthographic":false}